{"v":"4.6.3","fr":30,"ip":0,"op":90,"w":300,"h":300,"nm":"Failure_error","ddd":0,"assets":[],"layers":[{"ddd":0,"ind":1,"ty":4,"nm":"  ","ks":{"o":{"a":1,"k":[{"i":{"x":[0.11],"y":[1]},"o":{"x":[0.54],"y":[0]},"n":["0p11_1_0p54_0"],"t":59,"s":[0],"e":[100]},{"i":{"x":[0.11],"y":[0.11]},"o":{"x":[0.89],"y":[0.89]},"n":["0p11_0p11_0p89_0p89"],"t":62,"s":[100],"e":[100]},{"t":65}]},"r":{"a":0,"k":0},"p":{"a":1,"k":[{"i":{"x":0.21,"y":1},"o":{"x":0.79,"y":0},"n":"0p21_1_0p79_0","t":59,"s":[149.822,59.822,0],"e":[149.822,253.822,0],"to":[0,32.3333320617676,0],"ti":[0,-29.3333339691162,0]},{"i":{"x":0.21,"y":1},"o":{"x":0.167,"y":0},"n":"0p21_1_0p167_0","t":69,"s":[149.822,253.822,0],"e":[149.822,235.822,0],"to":[0,29.3333339691162,0],"ti":[0,-0.33333334326744,0]},{"i":{"x":0.21,"y":1},"o":{"x":0.167,"y":0},"n":"0p21_1_0p167_0","t":73,"s":[149.822,235.822,0],"e":[149.822,255.822,0],"to":[0,0.33333334326744,0],"ti":[0.04166666790843,-1.75,0]},{"i":{"x":0.21,"y":1},"o":{"x":0.167,"y":0},"n":"0p21_1_0p167_0","t":77,"s":[149.822,255.822,0],"e":[149.572,246.322,0],"to":[-0.04166666790843,1.75,0],"ti":[0.04166666790843,0.08333333581686,0]},{"i":{"x":0.21,"y":1},"o":{"x":0.167,"y":0},"n":"0p21_1_0p167_0","t":81,"s":[149.572,246.322,0],"e":[149.572,255.322,0],"to":[-0.04166666790843,-0.08333333581686,0],"ti":[0,-1.5,0]},{"t":85}]},"a":{"a":0,"k":[-0.178,80.822,0]},"s":{"a":1,"k":[{"i":{"x":[0.14,0.14,0.14],"y":[0.14,0.14,0.14]},"o":{"x":[0.86,0.86,0.86],"y":[0.86,0.86,0.86]},"n":["0p14_0p14_0p86_0p86","0p14_0p14_0p86_0p86","0p14_0p14_0p86_0p86"],"t":47,"s":[141.548,141.548,100],"e":[141.548,141.548,100]},{"i":{"x":[0.14,0.14,0.14],"y":[0.14,1,0.14]},"o":{"x":[0.86,0.86,0.86],"y":[0.86,0,0.86]},"n":["0p14_0p14_0p86_0p86","0p14_1_0p86_0","0p14_0p14_0p86_0p86"],"t":65,"s":[141.548,141.548,100],"e":[141.548,119.176,100]},{"i":{"x":[0.833,0.833,0.833],"y":[0.833,1,0.833]},"o":{"x":[0.86,0.86,0.86],"y":[0.86,0,0.86]},"n":["0p833_0p833_0p86_0p86","0p833_1_0p86_0","0p833_0p833_0p86_0p86"],"t":69,"s":[141.548,119.176,100],"e":[141.548,141.548,100]},{"i":{"x":[0.833,0.833,0.833],"y":[0.833,1,0.833]},"o":{"x":[0.167,0.167,0.167],"y":[0.167,0,0.167]},"n":["0p833_0p833_0p167_0p167","0p833_1_0p167_0","0p833_0p833_0p167_0p167"],"t":73,"s":[141.548,141.548,100],"e":[141.548,114.548,100]},{"i":{"x":[0.833,0.833,0.833],"y":[0.833,1,0.833]},"o":{"x":[0.167,0.167,0.167],"y":[0.167,0,0.167]},"n":["0p833_0p833_0p167_0p167","0p833_1_0p167_0","0p833_0p833_0p167_0p167"],"t":77,"s":[141.548,114.548,100],"e":[141.548,141.548,100]},{"i":{"x":[0.833,0.833,0.833],"y":[0.833,1,0.833]},"o":{"x":[0.167,0.167,0.167],"y":[0.167,0,0.167]},"n":["0p833_0p833_0p167_0p167","0p833_1_0p167_0","0p833_0p833_0p167_0p167"],"t":81,"s":[141.548,141.548,100],"e":[141.548,134.548,100]},{"i":{"x":[0.833,0.833,0.833],"y":[0.833,1,0.833]},"o":{"x":[0.167,0.167,0.167],"y":[0.167,0,0.167]},"n":["0p833_0p833_0p167_0p167","0p833_1_0p167_0","0p833_0p833_0p167_0p167"],"t":85,"s":[141.548,134.548,100],"e":[141.548,141.548,100]},{"t":88}]}},"ao":0,"shapes":[{"ty":"gr","it":[{"d":1,"ty":"el","s":{"a":0,"k":[15.645,15.645]},"p":{"a":0,"k":[0,0]},"nm":"Ellipse Path 1","mn":"ADBE Vector Shape - Ellipse"},{"ty":"fl","c":{"a":0,"k":[0.7921569,0.3333333,0.3411765,1]},"o":{"a":0,"k":100},"r":1,"nm":"Fill 1","mn":"ADBE Vector Graphic - Fill"},{"ty":"tr","p":{"a":0,"k":[-0.178,80.822],"ix":2},"a":{"a":0,"k":[0,0],"ix":1},"s":{"a":0,"k":[100,100],"ix":3},"r":{"a":0,"k":0,"ix":6},"o":{"a":0,"k":100,"ix":7},"sk":{"a":0,"k":0,"ix":4},"sa":{"a":0,"k":0,"ix":5},"nm":"Transform"}],"nm":"Ellipse 1","np":3,"cix":2,"ix":1,"mn":"ADBE Vector Group"}],"ip":45,"op":92,"st":6,"bm":0,"sr":1},{"ddd":0,"ind":2,"ty":4,"nm":"Exclamation 3","ks":{"o":{"a":0,"k":100},"r":{"a":0,"k":0},"p":{"a":0,"k":[150,199,0]},"a":{"a":0,"k":[-7,40,0]},"s":{"a":0,"k":[100,100,100]}},"ao":0,"shapes":[{"ty":"gr","it":[{"ind":0,"ty":"sh","ix":1,"ks":{"a":0,"k":{"i":[[0,0],[0,0]],"o":[[0,0],[0,0]],"v":[[-7,-103],[-7,40]],"c":false}},"nm":"Path 1","mn":"ADBE Vector Shape - Group"},{"ty":"st","c":{"a":0,"k":[0.7921569,0.3333333,0.3411765,1]},"o":{"a":0,"k":100},"w":{"a":0,"k":25},"lc":2,"lj":2,"nm":"Stroke 1","mn":"ADBE Vector Graphic - Stroke"},{"ty":"tr","p":{"a":0,"k":[0,0],"ix":2},"a":{"a":0,"k":[0,0],"ix":1},"s":{"a":0,"k":[100,100],"ix":3},"r":{"a":0,"k":0,"ix":6},"o":{"a":0,"k":100,"ix":7},"sk":{"a":0,"k":0,"ix":4},"sa":{"a":0,"k":0,"ix":5},"nm":"Transform"}],"nm":"Shape 1","np":3,"cix":2,"ix":1,"mn":"ADBE Vector Group"},{"ty":"tm","s":{"a":1,"k":[{"i":{"x":[0.14],"y":[1]},"o":{"x":[0.86],"y":[0]},"n":["0p14_1_0p86_0"],"t":56,"s":[0],"e":[100]},{"t":69}],"ix":1},"e":{"a":0,"k":0,"ix":2},"o":{"a":0,"k":0,"ix":3},"m":1,"ix":2,"nm":"Trim Paths 1","mn":"ADBE Vector Filter - Trim"}],"ip":45,"op":92,"st":2,"bm":0,"sr":1},{"ddd":0,"ind":3,"ty":4,"nm":"Exclamation 2","ks":{"o":{"a":0,"k":100},"r":{"a":0,"k":0},"p":{"a":0,"k":[150,199,0]},"a":{"a":0,"k":[-7,40,0]},"s":{"a":0,"k":[100,100,100]}},"ao":0,"shapes":[{"ty":"gr","it":[{"ind":0,"ty":"sh","ix":1,"ks":{"a":0,"k":{"i":[[0,0],[0,0]],"o":[[0,0],[0,0]],"v":[[-7,-103],[-7,40]],"c":false}},"nm":"Path 1","mn":"ADBE Vector Shape - Group"},{"ty":"st","c":{"a":0,"k":[0.6694087,0.2237823,0.2313998,1]},"o":{"a":0,"k":100},"w":{"a":0,"k":25},"lc":2,"lj":2,"nm":"Stroke 1","mn":"ADBE Vector Graphic - Stroke"},{"ty":"tr","p":{"a":0,"k":[0,0],"ix":2},"a":{"a":0,"k":[0,0],"ix":1},"s":{"a":0,"k":[100,100],"ix":3},"r":{"a":0,"k":0,"ix":6},"o":{"a":0,"k":100,"ix":7},"sk":{"a":0,"k":0,"ix":4},"sa":{"a":0,"k":0,"ix":5},"nm":"Transform"}],"nm":"Shape 1","np":3,"cix":2,"ix":1,"mn":"ADBE Vector Group"},{"ty":"tm","s":{"a":1,"k":[{"i":{"x":[0.14],"y":[1]},"o":{"x":[0.86],"y":[0]},"n":["0p14_1_0p86_0"],"t":51,"s":[0],"e":[100]},{"t":64}],"ix":1},"e":{"a":0,"k":0,"ix":2},"o":{"a":0,"k":0,"ix":3},"m":1,"ix":2,"nm":"Trim Paths 1","mn":"ADBE Vector Filter - Trim"}],"ip":45,"op":92,"st":2,"bm":0,"sr":1},{"ddd":0,"ind":4,"ty":4,"nm":"Exclamation","ks":{"o":{"a":0,"k":100},"r":{"a":0,"k":0},"p":{"a":0,"k":[150,199,0]},"a":{"a":0,"k":[-7,40,0]},"s":{"a":0,"k":[100,100,100]}},"ao":0,"shapes":[{"ty":"gr","it":[{"ind":0,"ty":"sh","ix":1,"ks":{"a":0,"k":{"i":[[0,0],[0,0]],"o":[[0,0],[0,0]],"v":[[-7,-103],[-7,40]],"c":false}},"nm":"Path 1","mn":"ADBE Vector Shape - Group"},{"ty":"st","c":{"a":0,"k":[0.6255821,0.1800849,0.1877002,1]},"o":{"a":0,"k":100},"w":{"a":0,"k":25},"lc":2,"lj":2,"nm":"Stroke 1","mn":"ADBE Vector Graphic - Stroke"},{"ty":"tr","p":{"a":0,"k":[0,0],"ix":2},"a":{"a":0,"k":[0,0],"ix":1},"s":{"a":0,"k":[100,100],"ix":3},"r":{"a":0,"k":0,"ix":6},"o":{"a":0,"k":100,"ix":7},"sk":{"a":0,"k":0,"ix":4},"sa":{"a":0,"k":0,"ix":5},"nm":"Transform"}],"nm":"Shape 1","np":3,"cix":2,"ix":1,"mn":"ADBE Vector Group"},{"ty":"tm","s":{"a":1,"k":[{"i":{"x":[0.14],"y":[1]},"o":{"x":[0.86],"y":[0]},"n":["0p14_1_0p86_0"],"t":46,"s":[0],"e":[100]},{"t":58}],"ix":1},"e":{"a":0,"k":0,"ix":2},"o":{"a":0,"k":0,"ix":3},"m":1,"ix":2,"nm":"Trim Paths 1","mn":"ADBE Vector Filter - Trim"}],"ip":45,"op":92,"st":2,"bm":0,"sr":1},{"ddd":0,"ind":5,"ty":4,"nm":"Circle 3","ks":{"o":{"a":0,"k":100},"r":{"a":0,"k":0},"p":{"a":0,"k":[150,150,0]},"a":{"a":0,"k":[200,200,0]},"s":{"a":0,"k":[93.5,93.5,100]}},"ao":0,"shapes":[{"ty":"gr","it":[{"ind":0,"ty":"sh","ix":1,"ks":{"a":0,"k":{"i":[[41.639,0],[0,-86.708],[-86.708,0],[0,86.709],[29.443,29.443]],"o":[[-86.708,0],[0,86.709],[86.709,0],[0,-41.639],[-29.444,-29.443]],"v":[[0,-157],[-157,0],[0,157],[157,0],[111.016,-111.016]],"c":true}},"nm":"Path 1","mn":"ADBE Vector Shape - Group"},{"ty":"st","c":{"a":0,"k":[0.7921569,0.3333333,0.3411765,1]},"o":{"a":0,"k":100},"w":{"a":0,"k":6},"lc":2,"lj":1,"ml":4,"nm":"Stroke 1","mn":"ADBE Vector Graphic - Stroke"},{"ty":"tr","p":{"a":0,"k":[200,200],"ix":2},"a":{"a":0,"k":[0,0],"ix":1},"s":{"a":0,"k":[98.089,98.089],"ix":3},"r":{"a":0,"k":0,"ix":6},"o":{"a":0,"k":100,"ix":7},"sk":{"a":0,"k":0,"ix":4},"sa":{"a":0,"k":0,"ix":5},"nm":"Transform"}],"nm":"Group 3","np":2,"cix":2,"ix":1,"mn":"ADBE Vector Group"},{"ty":"tm","s":{"a":1,"k":[{"i":{"x":[0.46],"y":[1]},"o":{"x":[0.54],"y":[0]},"n":["0p46_1_0p54_0"],"t":13,"s":[100],"e":[0]},{"t":54}],"ix":1},"e":{"a":0,"k":100,"ix":2},"o":{"a":0,"k":0,"ix":3},"m":1,"ix":2,"nm":"Trim Paths 1","mn":"ADBE Vector Filter - Trim"}],"ip":0,"op":90,"st":0,"bm":0,"sr":1},{"ddd":0,"ind":6,"ty":4,"nm":"Circle 2","ks":{"o":{"a":0,"k":100},"r":{"a":0,"k":0},"p":{"a":0,"k":[150,150,0]},"a":{"a":0,"k":[200,200,0]},"s":{"a":0,"k":[93.5,93.5,100]}},"ao":0,"shapes":[{"ty":"gr","it":[{"ind":0,"ty":"sh","ix":1,"ks":{"a":0,"k":{"i":[[41.639,0],[0,-86.708],[-86.708,0],[0,86.709],[29.443,29.443]],"o":[[-86.708,0],[0,86.709],[86.709,0],[0,-41.639],[-29.444,-29.443]],"v":[[0,-157],[-157,0],[0,157],[157,0],[111.016,-111.016]],"c":true}},"nm":"Path 1","mn":"ADBE Vector Shape - Group"},{"ty":"st","c":{"a":0,"k":[0.6624387,0.2207114,0.2282623,1]},"o":{"a":0,"k":100},"w":{"a":0,"k":6},"lc":2,"lj":1,"ml":4,"nm":"Stroke 1","mn":"ADBE Vector Graphic - Stroke"},{"ty":"tr","p":{"a":0,"k":[200,200],"ix":2},"a":{"a":0,"k":[0,0],"ix":1},"s":{"a":0,"k":[98.089,98.089],"ix":3},"r":{"a":0,"k":0,"ix":6},"o":{"a":0,"k":100,"ix":7},"sk":{"a":0,"k":0,"ix":4},"sa":{"a":0,"k":0,"ix":5},"nm":"Transform"}],"nm":"Group 3","np":2,"cix":2,"ix":1,"mn":"ADBE Vector Group"},{"ty":"tm","s":{"a":1,"k":[{"i":{"x":[0.46],"y":[1]},"o":{"x":[0.54],"y":[0]},"n":["0p46_1_0p54_0"],"t":7,"s":[100],"e":[0]},{"t":48}],"ix":1},"e":{"a":0,"k":100,"ix":2},"o":{"a":0,"k":0,"ix":3},"m":1,"ix":2,"nm":"Trim Paths 1","mn":"ADBE Vector Filter - Trim"}],"ip":0,"op":90,"st":0,"bm":0,"sr":1},{"ddd":0,"ind":7,"ty":4,"nm":"Circle","ks":{"o":{"a":0,"k":100},"r":{"a":0,"k":0},"p":{"a":0,"k":[150,150,0]},"a":{"a":0,"k":[200,200,0]},"s":{"a":0,"k":[93.5,93.5,100]}},"ao":0,"shapes":[{"ty":"gr","it":[{"ind":0,"ty":"sh","ix":1,"ks":{"a":0,"k":{"i":[[41.639,0],[0,-86.708],[-86.708,0],[0,86.709],[29.443,29.443]],"o":[[-86.708,0],[0,86.709],[86.709,0],[0,-41.639],[-29.444,-29.443]],"v":[[0,-157],[-157,0],[0,157],[157,0],[111.016,-111.016]],"c":true}},"nm":"Path 1","mn":"ADBE Vector Shape - Group"},{"ty":"st","c":{"a":0,"k":[0.5558824,0.155814,0.1626527,1]},"o":{"a":0,"k":100},"w":{"a":0,"k":6},"lc":2,"lj":1,"ml":4,"nm":"Stroke 1","mn":"ADBE Vector Graphic - Stroke"},{"ty":"tr","p":{"a":0,"k":[200,200],"ix":2},"a":{"a":0,"k":[0,0],"ix":1},"s":{"a":0,"k":[98.089,98.089],"ix":3},"r":{"a":0,"k":0,"ix":6},"o":{"a":0,"k":100,"ix":7},"sk":{"a":0,"k":0,"ix":4},"sa":{"a":0,"k":0,"ix":5},"nm":"Transform"}],"nm":"Group 3","np":2,"cix":2,"ix":1,"mn":"ADBE Vector Group"},{"ty":"tm","s":{"a":1,"k":[{"i":{"x":[0.46],"y":[1]},"o":{"x":[0.54],"y":[0]},"n":["0p46_1_0p54_0"],"t":0,"s":[100],"e":[0]},{"t":41}],"ix":1},"e":{"a":0,"k":100,"ix":2},"o":{"a":0,"k":0,"ix":3},"m":1,"ix":2,"nm":"Trim Paths 1","mn":"ADBE Vector Filter - Trim"}],"ip":0,"op":90,"st":0,"bm":0,"sr":1}]}